timestamp	state	id
Mon, 10 Nov 2025 14:38:13 GMT	0	638671
			
Tue, 11 Nov 2025 05:38:00 GMT	0	638710
Tue, 11 Nov 2025 14:35:38 GMT	0	638758
			
Wed, 12 Nov 2025 05:37:48 GMT	0	638803
Wed, 12 Nov 2025 14:32:03 GMT	0	638846
			
Thu, 13 Nov 2025 05:29:49 GMT	0	638889
Thu, 13 Nov 2025 14:28:52 GMT	0	638964
			
Mon, 17 Nov 2025 05:28:11 GMT	0	639150
Mon, 17 Nov 2025 14:37:06 GMT	0	639198
			
Tue, 18 Nov 2025 05:27:26 GMT	0	639231
Tue, 18 Nov 2025 14:35:01 GMT	0	639341
			
Wed, 19 Nov 2025 05:26:52 GMT	0	639386
Wed, 19 Nov 2025 14:31:34 GMT	0	639489
			
Thu, 20 Nov 2025 05:26:16 GMT	0	639532
Thu, 20 Nov 2025 14:36:51 GMT	0	639613
			
Mon, 24 Nov 2025 05:27:13 GMT	0	758902
Mon, 24 Nov 2025 14:32:21 GMT	0	758975
			
Tue, 25 Nov 2025 05:27:57 GMT	0	759043
Tue, 25 Nov 2025 14:34:28 GMT	0	878462
			
Wed, 26 Nov 2025 05:30:24 GMT	0	878496
Wed, 26 Nov 2025 14:31:35 GMT	0	878602
			
Thu, 27 Nov 2025 05:32:38 GMT	0	878634
Thu, 27 Nov 2025 14:38:03 GMT	0	878760
			
Fri, 28 Nov 2025 05:40:17 GMT	0	878808
Fri, 28 Nov 2025 05:40:17 GMT	0	878898
Fri, 28 Nov 2025 15:34:30 GMT	0	878988
Fri, 28 Nov 2025 15:34:30 GMT	0	879056